剧目,关系,戏园
（虫八）蜡庙11,演出地,中和茶园
（虫八）蜡庙119,演出地,天乐茶园
（虫八）蜡庙145,演出地,文明茶园
（虫八）蜡庙176,演出地,燕喜堂
（虫八）蜡庙2,演出地,人和园
（虫八）蜡庙313,演出地,广和楼
（虫八）蜡庙332,演出地,广德楼
（虫八）蜡庙353,演出地,华乐戏院
（虫八）蜡庙44,演出地,广和戏院
（虫八）蜡庙6,演出地,三庆园
■林宴281,演出地,春仙茶园
■塔寺文武代打125,演出地,天和茶园
■杨楼274,演出地,春仙茶园
安天会234,演出地,庆乐戏院
安天会36,演出地,广和戏院
八本九阳钟77,演出地,中和大戏院
八扯4,演出地,三庆园
八大锤100,演出地,丹桂茶园
八大锤306,演出地,广和楼
八大锤329,演出地,广和戏院
八大锤8,演出地,三庆园
八府267,演出地,春仙茶园
八蜡庙220,演出地,同益茶园
八蜡庙262,演出地,春仙茶园
八十八扯159,演出地,吉祥茶园
八十八扯320,演出地,广兴茶园
八义庙196,演出地,广和楼
八义庙200,演出地,广和楼
八义图186,演出地,景泰茶园
八义图188,演出地,景泰茶园
巴骆和109,演出地,天乐茶园
巴骆和303,演出地,广和楼
坝王庄317,演出地,广乐茶园
霸王别姬261,演出地,哈尔飞戏院
霸王庄199,演出地,广和楼
白帝城249,演出地,哈尔飞戏院
白良关146,演出地,文明茶园
白良关183,演出地,景泰茶园
白良关264,演出地,春仙茶园
白良关302,演出地,广和楼
白良关34,演出地,吉祥园
白良关35,演出地,吉祥园
白马坡207,演出地,吉祥舞台
白蟒台235,演出地,庆乐戏院
白蟒台326,演出地,广和戏院
白门楼115,演出地,天乐茶园
白门楼161,演出地,吉祥园
白门楼183,演出地,景泰茶园
白蛇传11,演出地,中和茶园
白蛇传320,演出地,广兴茶园
白水滩105,演出地,丹桂茶园
白水滩140,演出地,文明茶园
白水滩144,演出地,文明茶园
白水滩146,演出地,文明茶园
白水滩180,演出地,景泰茶园
白水滩271,演出地,春仙茶园
白水滩277,演出地,春仙茶园
白水滩361,演出地,广德楼
百草山208,演出地,吉祥舞台
百草山212,演出地,吉祥舞台
百草山258,演出地,广和楼
百草山306,演出地,广和楼
百草山308,演出地,广和楼
百草山310,演出地,广和楼
百草山317,演出地,广乐茶园
百花亭336,演出地,天乐茶园
百花亭339,演出地,天乐茶园
百花亭346,演出地,天乐茶园
百凉楼213,演出地,吉祥舞台
百寿图202,演出地,广和楼
拜寿算粮140,演出地,文明茶园
拜寿算粮180,演出地,景泰茶园
拜寿算粮182,演出地,景泰茶园
拜寿算粮320,演出地,广兴茶园
宝凤缘219,演出地,同乐园
宝莲灯304,演出地,广和楼
宝莲灯82,演出地,华乐园
宝莲灯98,演出地,广和楼
保全灯174,演出地,燕喜堂
保全灯319,演出地,广兴茶园
盃青9,演出地,三庆园
北平府218,演出地,同乐茶园
背板橙351,演出地,华乐戏院
变羊计102,演出地,丹桂茶园
变羊计16,演出地,吉祥茶园
变羊计188,演出地,景泰茶园
变羊计189,演出地,景泰茶园
变羊计269,演出地,春仙茶园
变羊计9,演出地,三庆园
别宫193,演出地,广和楼
别宫198,演出地,广和楼
别宫287,演出地,春仙茶园
别母乱箭43,演出地,广和戏院
别窑214,演出地,同乐园松庆社
采石矶46,演出地,广和戏院
採花赶府157,演出地,乐舞台
採花赶府212,演出地,吉祥舞台
採花赶府66,演出地,庆乐园
彩楼配110,演出地,天乐茶园
彩楼配176,演出地,燕喜堂
蔡家庄50,演出地,广和戏院
藏舟340,演出地,天乐茶园
曹刿扶国133,演出地,开明戏院
草桥关111,演出地,天乐茶园
草桥关133,演出地,开明戏院
草桥关148,演出地,文明茶园
草桥关176,演出地,燕喜堂
草桥关190,演出地,广和楼
草桥关204,演出地,吉祥园
草桥关221,演出地,同益茶园
草诏124,演出地,天乐茶园
茶瓶计316,演出地,三庆戏院
查关114,演出地,天乐茶园
查关138,演出地,文明茶园
查关244,演出地,哈尔飞戏院
柴桑口172,演出地,燕喜堂
吵家289,演出地,春仙茶园
吃醋108,演出地,丹桂园福寿班
池水馹27,演出地,吉祥园
丑表功30,演出地,吉祥园
出祁山6,演出地,三庆园
出潼关122,演出地,天乐茶园
出潼关124,演出地,天乐茶园
除三害179,演出地,景泰茶园
除三害184,演出地,景泰茶园
除三害260,演出地,广和楼
闯山18,演出地,吉祥茶园
闯王射门336,演出地,天乐茶园
闯王搜宫336,演出地,天乐茶园
春秋笔318,演出地,广兴茶园
春香闹学108,演出地,丹桂园福寿班
辞朝196,演出地,广和楼
辞朝199,演出地,广和楼
刺巴杰109,演出地,天乐茶园
刺巴杰207,演出地,吉祥舞台
刺巴杰267,演出地,春仙茶园
刺巴杰303,演出地,广和楼
刺梁122,演出地,天乐茶园
刺梁341,演出地,天乐茶园
刺王僚182,演出地,景泰茶园
刺王僚203,演出地,广和楼
翠凤楼107,演出地,牡丹园春庆社
翠凤楼318,演出地,广兴茶园
翠屏山104,演出地,丹桂茶园
翠屏山107,演出地,牡丹园春庆社
翠屏山114,演出地,天乐茶园
翠屏山14,演出地,吉祥茶园
翠屏山156,演出地,乐舞台
翠屏山158,演出地,吉祥茶园
翠屏山16,演出地,吉祥茶园
翠屏山172,演出地,燕喜堂
翠屏山177,演出地,景泰茶园
翠屏山178,演出地,景泰茶园
翠屏山19,演出地,吉祥茶园
翠屏山260,演出地,广和楼
翠屏山265,演出地,春仙茶园
翠屏山273,演出地,春仙茶园
翠屏山274,演出地,春仙茶园
翠屏山290,演出地,春仙茶园
翠屏山318,演出地,广兴茶园
翠屏山39,演出地,广和戏院
错中错159,演出地,吉祥茶园
错中错172,演出地,燕喜堂
错中错173,演出地,燕喜堂
错中错181,演出地,景泰茶园
错中错320,演出地,广兴茶园
打城皇215,演出地,同乐茶园
打洞房320,演出地,广兴茶园
打窦墩205,演出地,吉祥园
打钢刀96,演出地,广和楼
打杠子105,演出地,丹桂茶园
打杠子251,演出地,哈尔飞戏院
打杠子31,演出地,吉祥园
打杠子319,演出地,广兴茶园
打狗动夫173,演出地,燕喜堂
打瓜园307,演出地,广和楼
打瓜园91,演出地,华乐戏院
打棍出箱335,演出地,天乐茶园
打棍出箱55,演出地,吉祥大戏院
打韩昌190,演出地,广和楼
打韩昌195,演出地,广和楼
打虎124,演出地,天乐茶园
打虎336,演出地,天乐茶园
打花鼓66,演出地,庆乐园
打花鼓68,演出地,中和戏院
打金枝15,演出地,吉祥茶园
打金枝186,演出地,景泰茶园
打金枝193,演出地,广和楼
打金枝305,演出地,广和楼
打金砖300,演出地,吉祥戏院
打龙袍11,演出地,中和茶园
打龙袍12,演出地,民乐茶园
打龙袍163,演出地,歌舞台
打龙袍184,演出地,景泰茶园
打龙袍202,演出地,广和楼
打龙袍23,演出地,吉祥园
打龙袍239,演出地,西安园
打龙袍26,演出地,吉祥园
打龙袍268,演出地,春仙茶园
打龙袍275,演出地,春仙茶园
打龙袍311,演出地,广和楼
打龙袍32,演出地,吉祥园
打龙袍362,演出地,广德楼
打龙袍52,演出地,广和戏院
打銮驾45,演出地,广和戏院
打孟良304,演出地,广和楼
打面缸136,演出地,文明茶园
打平342,演出地,天乐茶园
打沙锅112,演出地,天乐茶园
打沙锅292,演出地,春仙茶园
打严嵩312,演出地,广和楼
打樱桃143,演出地,文明茶园
打樱桃214,演出地,同乐园松庆社
打渔杀家110,演出地,天乐茶园
打渔杀家117,演出地,天乐茶园
打渔杀家149,演出地,长安大戏院
打渔杀家252,演出地,哈尔飞戏院
打渔杀家325,演出地,广和戏院
打渔杀家69,演出地,中和戏院
打渔杀家72,演出地,中和戏院
打玉340,演出地,天乐茶园
打枣125,演出地,天和茶园
打皂277,演出地,春仙茶园
打皂王328,演出地,广和戏院
打皂王56,演出地,吉祥大戏院
打姪上坟44,演出地,广和戏院
打子341,演出地,天乐茶园
大保国99,演出地,广和楼
大翠屏山320,演出地,广兴茶园
大登殿100,演出地,丹桂茶园
大登殿15,演出地,吉祥茶园
大登殿229,演出地,庆乐戏院
大登殿23,演出地,吉祥园
大登殿289,演出地,春仙茶园
大登殿31,演出地,吉祥园
大淮安府118,演出地,天乐茶园
大回朝324,演出地,广和戏院
大落马湖160,演出地,吉祥园
大名府116,演出地,天乐茶园
大名府304,演出地,广和楼
大闹天宫218,演出地,同乐茶园
大劈棺207,演出地,吉祥舞台
大劈棺290,演出地,春仙茶园
大劈棺35,演出地,吉祥园
大神州197,演出地,广和楼
大神州301,演出地,广和楼
大拾万金293,演出地,第一舞台
大算粮21,演出地,吉祥茶园
大团圆350,演出地,华乐园
大王庄155,演出地,乐舞台
大舞乾坤圈52,演出地,广和戏院
大游街102,演出地,丹桂茶园
大战冀州城252,演出地,哈尔飞戏院
大战益都219,演出地,同乐园
代棒打189,演出地,景泰茶园
代盗钩110,演出地,天乐茶园
代杀山114,演出地,天乐茶园
代杀山115,演出地,天乐茶园
代烧山120,演出地,天乐茶园
代下书189,演出地,景泰茶园
单刀会217,演出地,同乐茶园
当锏卖马251,演出地,哈尔飞戏院
党人碑217,演出地,同乐茶园
擋■123,演出地,天乐茶园
倒铜旗108,演出地,丹桂园福寿班
盗仙草95,演出地,广和楼
盗银壶111,演出地,天乐茶园
盗御马115,演出地,天乐茶园
盗宗卷255,演出地,广和楼
得意缘133,演出地,开明戏院
得意缘261,演出地,哈尔飞戏院
得意缘99,演出地,广和楼
登殿101,演出地,丹桂茶园
登殿220,演出地,同益茶园
邓霞姑161,演出地,吉祥园
点将343,演出地,天乐茶园
貂蝉254,演出地,哈尔飞戏院
貂蝉321,演出地,广和戏院
钓龟173,演出地,燕喜堂
钓金龟10,演出地,中和茶园
钓金龟143,演出地,文明茶园
钓金龟146,演出地,文明茶园
钓金龟170,演出地,燕喜茶园
钓金龟178,演出地,景泰茶园
钓金龟186,演出地,景泰茶园
钓金龟209,演出地,吉祥舞台
钓金龟241,演出地,哈尔飞戏院
钓金龟8,演出地,三庆园
丁甲山252,演出地,哈尔飞戏院
顶灯8,演出地,三庆园
顶花砖177,演出地,景泰茶园
顶花砖213,演出地,吉祥舞台
顶花砖224,演出地,庆升茶园
顶花砖258,演出地,广和楼
顶花砖303,演出地,广和楼
顶砖13,演出地,吉祥茶园
顶砖267,演出地,春仙茶园
鼎盛春秋92,演出地,华乐戏院
定计化缘208,演出地,吉祥舞台
定计化缘48,演出地,广和戏院
定军山137,演出地,文明茶园
定军山179,演出地,景泰茶园
定军山206,演出地,吉祥园
定军山301,演出地,广和楼
定军山46,演出地,广和戏院
定军山80,演出地,中和大戏院
定天山354,演出地,华乐戏院
东昌府203,演出地,广和楼
东昌府257,演出地,广和楼
东昌府51,演出地,广和楼
东皇庄96,演出地,广和楼
董家山181,演出地,景泰茶园
洞庭湖344,演出地,天乐茶园
独木关186,演出地,景泰茶园
独木关9,演出地,三庆园
独占花魁23,演出地,吉祥园
断后175,演出地,燕喜堂
断后200,演出地,广和楼
断后龙袍240,演出地,西安园
断密涧197,演出地,广和楼
断密涧263,演出地,春仙茶园
断密涧292,演出地,春仙茶园
断密涧317,演出地,广乐茶园
断桥104,演出地,丹桂茶园
断桥217,演出地,同乐茶园
断桥亭123,演出地,天乐茶园
对刀不战324,演出地,广和戏院
对刀步战246,演出地,哈尔飞戏院
对银杯176,演出地,燕喜堂
对银杯19,演出地,吉祥茶园
对银盃10,演出地,中和茶园
夺阿斗257,演出地,广和楼
夺阿斗312,演出地,广和楼
夺太仓302,演出地,广和楼
夺太仓72,演出地,中和戏院
夺小沛186,演出地,景泰茶园
夺小沛193,演出地,广和楼
恶虎村100,演出地,丹桂茶园
恶虎村147,演出地,文明茶园
恶虎村193,演出地,广和楼
恶虎村223,演出地,庆升茶园
恶虎村224,演出地,庆升茶园
恶虎村228,演出地,庆乐戏院
恶虎村268,演出地,春仙茶园
恶虎村285,演出地,春仙茶园
恶虎村4,演出地,三庆园
恶虎村57,演出地,吉祥大戏院
恶虎村9,演出地,三庆园
儿女英雄传142,演出地,文明茶园
二进宫18,演出地,吉祥茶园
二进宫196,演出地,广和楼
二进宫198,演出地,广和楼
二进宫20,演出地,吉祥茶园
二进宫24,演出地,吉祥园
二进宫243,演出地,哈尔飞戏院
二进宫257,演出地,广和楼
二进宫282,演出地,春仙茶园
二进宫291,演出地,春仙茶园
二进宫3,演出地,三庆园
二进宫301,演出地,广和楼
二进宫308,演出地,广和楼
二进宫33,演出地,吉祥园
二进宫50,演出地,广和戏院
二进宫96,演出地,广和楼
二龙山203,演出地,广和楼
二龙山215,演出地,同乐茶园
二龙山222,演出地,庆升茶园
二美夺夫241,演出地,哈尔飞戏院
伐东吴120,演出地,天乐茶园
伐东吴136,演出地,文明茶园
伐东吴196,演出地,广和楼
伐东吴200,演出地,广和楼
伐齐东203,演出地,广和楼
法场换子196,演出地,广和楼
法场换子318,演出地,广兴茶园
法场祭天156,演出地,乐舞台
法门寺11,演出地,中和茶园
法门寺116,演出地,天乐茶园
法门寺12,演出地,民乐茶园
法门寺146,演出地,文明茶园
法门寺158,演出地,吉祥茶园
法门寺188,演出地,景泰茶园
法门寺199,演出地,广和楼
法门寺20,演出地,吉祥茶园
法门寺221,演出地,同益茶园
法门寺236,演出地,庆乐戏院
法门寺237,演出地,庆乐戏院
法门寺238,演出地,庆乐戏院
法门寺242,演出地,哈尔飞戏院
法门寺246,演出地,哈尔飞戏院
法门寺26,演出地,吉祥园
法门寺285,演出地,春仙茶园
法门寺352,演出地,华乐戏院
法门寺36,演出地,广和戏院
法门寺5,演出地,三庆园
法门寺64,演出地,庆乐茶园
法门寺82,演出地,华乐园
法门寺代大审72,演出地,中和戏院
番刺客309,演出地,广和楼
烦演三娘教子11,演出地,中和茶园
樊城199,演出地,广和楼
樊江关117,演出地,天乐茶园
樊江关252,演出地,哈尔飞戏院
樊江关335,演出地,天乐茶园
樊江关37,演出地,广和戏院
反五侯143,演出地,文明茶园
反午门239,演出地,西安园
反西凉303,演出地,广和楼
反西凉344,演出地,天乐茶园
返延安4,演出地,三庆园
范相投井336,演出地,天乐茶园
范仲禹229,演出地,庆乐戏院
梵王宫101,演出地,丹桂茶园
梵王宫105,演出地,丹桂茶园
梵王宫263,演出地,春仙茶园
梵王宫31,演出地,吉祥园
飞波岛311,演出地,广和楼
飞叉阵142,演出地,文明茶园
飞叉阵64,演出地,庆乐茶园
飞虎山197,演出地,广和楼
飞虎山225,演出地,庆乐园
飞虎山321,演出地,广和戏院
飞虎山40,演出地,广和戏院
汾河湾105,演出地,丹桂茶园
汾河湾117,演出地,天乐茶园
汾河湾141,演出地,文明茶园
汾河湾157,演出地,乐舞台
汾河湾163,演出地,歌舞台
汾河湾169,演出地,燕喜茶园
汾河湾170,演出地,燕喜茶园
汾河湾172,演出地,燕喜堂
汾河湾174,演出地,燕喜堂
汾河湾176,演出地,燕喜堂
汾河湾26,演出地,吉祥园
汾河湾294,演出地,第一舞台
汾河湾306,演出地,广和楼
汾河湾34,演出地,吉祥园
汾河湾35,演出地,吉祥园
风云会201,演出地,广和楼
风云会221,演出地,同益茶园
风云会224,演出地,庆升茶园
风云会46,演出地,广和戏院
风云会6,演出地,三庆园
凤还巢232,演出地,庆乐戏院奎德社
凤鸣关322,演出地,广和戏院
凤鸣关99,演出地,广和楼
浮鼓战金山78,演出地,中和大戏院
父子会187,演出地,景泰茶园
富春娄22,演出地,吉祥茶园
富春院213,演出地,吉祥舞台
富贵园162,演出地,歌舞台
赶三关148,演出地,文明茶园
高成借嫂219,演出地,同乐园
高三上坟110,演出地,天乐茶园
高三上坟114,演出地,天乐茶园
高三上坟209,演出地,吉祥舞台
弓砚缘201,演出地,广和楼
攻打两狼关78,演出地,中和大戏院
攻潼关199,演出地,广和楼
攻潼关209,演出地,吉祥舞台
攻潼关63,演出地,庆乐茶园
攻潼关69,演出地,中和戏院
攻潼关70,演出地,中和戏院
姑苏台41,演出地,广和戏院
观山七盘山340,演出地,天乐茶园
光武兴218,演出地,同乐茶园
逛花园33,演出地,吉祥园
贵妃醉酒51,演出地,广和楼
贵妃醉酒52,演出地,广和戏院
跪坡202,演出地,广和楼
滚钉板215,演出地,同乐茶园
滚钉板271,演出地,春仙茶园
滚钉板九更天28,演出地,吉祥园
过关探母183,演出地,景泰茶园
海慧寺348,演出地,中和大戏院
汉明妃92,演出地,华乐戏院
汉寿亭侯314,演出地,广和楼
和睦家庭333,演出地,广德楼
河间府311,演出地,广和楼
河间府99,演出地,广和楼
荷珠配299,演出地,第一舞台
贺后骂殿127,演出地,开明戏院
贺后骂殿241,演出地,哈尔飞戏院
贺后骂殿57,演出地,吉祥大戏院
黑风洞318,演出地,广兴茶园
黑驴告状122,演出地,天乐茶园
黑手绢209,演出地,吉祥舞台
红鸾禧138,演出地,文明茶园
红鸾禧180,演出地,景泰茶园
红鸾禧184,演出地,景泰茶园
红鸾禧189,演出地,景泰茶园
红鸾禧191,演出地,广和楼
红鸾禧224,演出地,庆升茶园
红鸾禧236,演出地,庆乐戏院
红鸾禧263,演出地,春仙茶园
红鸾禧269,演出地,春仙茶园
红鸾禧298,演出地,第一舞台
红鸾禧307,演出地,广和楼
红梅阁159,演出地,吉祥茶园
红梅阁167,演出地,福寿堂
红梅阁174,演出地,燕喜堂
红梅阁26,演出地,吉祥园
红梅阁288,演出地,春仙茶园
红梅阁315,演出地,三庆茶园
红门寺152,演出地,东庆茶园
红桃山211,演出地,吉祥舞台
红桃山73,演出地,中和戏院
红综马156,演出地,乐舞台
宏碧缘47,演出地,广和戏院
宏碧缘50,演出地,广和戏院
虹霓关118,演出地,天乐茶园
虹霓关119,演出地,天乐茶园
虹霓关129,演出地,开明戏院
虹霓关144,演出地,文明茶园
虹霓关283,演出地,春仙茶园
虹霓关300,演出地,吉祥戏院
虹霓关308,演出地,广和楼
虹霓关73,演出地,中和戏院
洪羊洞109,演出地,天乐茶园
洪羊洞135,演出地,开明戏院
洪羊洞170,演出地,燕喜茶园
洪羊洞175,演出地,燕喜堂
洪羊洞180,演出地,景泰茶园
洪羊洞192,演出地,广和楼
洪羊洞193,演出地,广和楼
洪羊洞232,演出地,庆乐戏院奎德社
洪羊洞273,演出地,春仙茶园
洪羊洞280,演出地,春仙茶园
洪羊洞42,演出地,广和戏院
洪羊洞63,演出地,庆乐茶园
洪羊洞9,演出地,三庆园
洪洋洞145,演出地,文明茶园
洪洋洞185,演出地,景泰茶园
洪洋洞240,演出地,西安园
洪洋洞251,演出地,哈尔飞戏院
洪洋洞盗骨24,演出地,吉祥园
鸿鸾禧43,演出地,广和戏院
鸿门宴68,演出地,中和戏院
鸿双禧322,演出地,广和戏院
蝴蝶杯154,演出地,乐舞台
蝴蝶杯157,演出地,乐舞台
蝴蝶杯163,演出地,歌舞台
蝴蝶杯239,演出地,西安园
蝴蝶梦碧棺347,演出地,天乐茶园
蝴蝶梦劈棺124,演出地,天乐茶园
蝴蝶梦凖代劈棺11,演出地,中和茶园
虎囊弹43,演出地,广和戏院
扈家庄46,演出地,广和戏院
花草山217,演出地,同乐茶园
花果山123,演出地,天乐茶园
花蝴蝶143,演出地,文明茶园
花蝴蝶148,演出地,文明茶园
花蝴蝶160,演出地,吉祥园
花蝴蝶192,演出地,广和楼
花蝴蝶200,演出地,广和楼
花蝴蝶221,演出地,同益茶园
花蝴蝶278,演出地,春仙茶园
花蝴蝶98,演出地,广和楼
花田八错95,演出地,广和楼
花田错135,演出地,开明戏院
花田错216,演出地,同乐茶园
花筵赚323,演出地,广和戏院
花筵赚329,演出地,广和戏院
花园赠珠61,演出地,吉祥大戏院
滑油山141,演出地,文明茶园
滑油山142,演出地,文明茶园
滑油山198,演出地,广和楼
滑油山291,演出地,春仙茶园
滑油山301,演出地,广和楼
滑油山336,演出地,天乐茶园
滑油山38,演出地,广和戏院
滑油山43,演出地,广和戏院
滑油山63,演出地,庆乐茶园
滑油山9,演出地,三庆园
滑油山98,演出地,广和楼
淮安府63,演出地,庆乐茶园
宦海潮302,演出地,广和楼
换金斗91,演出地,华乐戏院
浣花溪127,演出地,开明戏院
浣花溪183,演出地,景泰茶园
浣花溪234,演出地,庆乐戏院
浣花溪286,演出地,春仙茶园
浣沙计175,演出地,燕喜堂
浣沙计176,演出地,燕喜堂
浣沙记166,演出地,歌舞台
浣纱记100,演出地,丹桂茶园
黄鹤楼163,演出地,歌舞台
黄鹤楼244,演出地,哈尔飞戏院
黄鹤楼297,演出地,第一舞台
黄鹤楼304,演出地,广和楼
黄鹤楼306,演出地,广和楼
黄鹤楼64,演出地,庆乐茶园
黄鹤楼72,演出地,中和戏院
黄金台115,演出地,天乐茶园
黄金台117,演出地,天乐茶园
黄金台119,演出地,天乐茶园
黄金台148,演出地,文明茶园
黄金台15,演出地,吉祥茶园
黄金台16,演出地,吉祥茶园
黄金台169,演出地,燕喜茶园
黄金台171,演出地,燕喜堂
黄金台176,演出地,燕喜堂
黄金台182,演出地,景泰茶园
黄金台187,演出地,景泰茶园
黄金台191,演出地,广和楼
黄金台196,演出地,广和楼
黄金台197,演出地,广和楼
黄金台21,演出地,吉祥茶园
黄金台212,演出地,吉祥舞台
黄金台214,演出地,同乐园松庆社
黄金台215,演出地,同乐茶园
黄金台216,演出地,同乐茶园
黄金台263,演出地,春仙茶园
黄金台265,演出地,春仙茶园
黄金台27,演出地,吉祥园
黄金台270,演出地,春仙茶园
黄金台274,演出地,春仙茶园
黄金台276,演出地,春仙茶园
黄金台279,演出地,春仙茶园
黄金台30,演出地,吉祥园
黄金台305,演出地,广和楼
黄金台74,演出地,中和戏院
黄一刀149,演出地,长安大戏院
黄一刀71,演出地,中和戏院
回荆州167,演出地,福寿堂
回荆州175,演出地,燕喜堂
回荆州216,演出地,同乐茶园
回荆州239,演出地,西安园
回荆州25,演出地,吉祥园
回荆州代芦苍荡105,演出地,丹桂茶园
回龙阁13,演出地,吉祥茶园
回龙阁184,演出地,景泰茶园
回龙阁187,演出地,景泰茶园
回龙阁189,演出地,景泰茶园
回龙阁273,演出地,春仙茶园
回龙阁288,演出地,春仙茶园
回龙阁4,演出地,三庆园
回头岸122,演出地,天乐茶园
会稽城149,演出地,长安大戏院
混沌洲103,演出地,丹桂茶园
火判122,演出地,天乐茶园
火判124,演出地,天乐茶园
火烟山342,演出地,天乐茶园
火烟山343,演出地,天乐茶园
火烟山347,演出地,天乐茶园
火云洞38,演出地,广和戏院
击曹砚259,演出地,广和楼
击鼓骂曹114,演出地,天乐茶园
击鼓骂曹160,演出地,吉祥园
击鼓骂曹241,演出地,哈尔飞戏院
击鼓骂曹299,演出地,第一舞台
击鼓骂曹313,演出地,广和楼
击掌215,演出地,同乐茶园
机房训子294,演出地,第一舞台
激良340,演出地,天乐茶园
激良347,演出地,天乐茶园
吉祥新戏200,演出地,广和楼
妓女捉寇113,演出地,天乐茶园
妓女捉寇118,演出地,天乐茶园
祭泸江39,演出地,广和戏院
祭泸江43,演出地,广和戏院
寄子137,演出地,文明茶园
寄子16,演出地,吉祥茶园
寄子23,演出地,吉祥园
寄子275,演出地,春仙茶园
寄子291,演出地,春仙茶园
冀州城118,演出地,天乐茶园
冀州城231,演出地,庆乐戏院
佳期122,演出地,天乐茶园
葭明关220,演出地,同益茶园
嘉兴府166,演出地,歌舞台
嘉兴府190,演出地,广和楼
嘉兴府325,演出地,广和戏院
嘉兴府65,演出地,庆乐茶园
嘉兴府7,演出地,三庆园
贾家楼106,演出地,丹桂茶园
贾家楼113,演出地,天乐茶园
贾家楼12,演出地,民乐茶园
贾家楼141,演出地,文明茶园
贾家楼201,演出地,广和楼
贾家楼91,演出地,华乐戏院
嫁妹217,演出地,同乐茶园
嫁妹39,演出地,广和戏院
监酒令114,演出地,天乐茶园
监酒令143,演出地,文明茶园
剑峰山117,演出地,天乐茶园
江东桥49,演出地,广和戏院
江都县73,演出地,中和戏院
讲堂斗志45,演出地,广和戏院
教歌257,演出地,广和楼
教子13,演出地,吉祥茶园
教子155,演出地,乐舞台
教子240,演出地,西安园
教子26,演出地,吉祥园
教子27,演出地,吉祥园
教子277,演出地,春仙茶园
教子28,演出地,吉祥园
教子282,演出地,春仙茶园
教子290,演出地,春仙茶园
界牌关159,演出地,吉祥茶园
界牌关179,演出地,景泰茶园
界牌关182,演出地,景泰茶园
界牌关227,演出地,庆乐戏园
界牌关96,演出地,广和楼
借东风236,演出地,庆乐戏院
借东风238,演出地,庆乐戏院
借赵云195,演出地,广和楼
借赵云309,演出地,广和楼
借赵云327,演出地,广和戏院
金榜乐205,演出地,吉祥园
金榜乐305,演出地,广和楼
金榜乐350,演出地,华乐园
金不豹7,演出地,三庆园
金殿大对官78,演出地,中和大戏院
金光阵329,演出地,广和戏院
金鸡岭42,演出地,广和戏院
金马门307,演出地,广和楼
金瓶女97,演出地,广和楼
金钱豹109,演出地,天乐茶园
金钱豹110,演出地,天乐茶园
金钱豹115,演出地,天乐茶园
金钱豹12,演出地,民乐茶园
金钱豹145,演出地,文明茶园
金钱豹181,演出地,景泰茶园
金钱豹266,演出地,春仙茶园
金钱豹280,演出地,春仙茶园
金钱豹37,演出地,广和戏院
金钱豹42,演出地,广和戏院
金钱豹65,演出地,庆乐茶园
金钱豹代飞真议107,演出地,牡丹园春庆社
金山寺121,演出地,天乐茶园
金山寺185,演出地,景泰茶园
金山寺202,演出地,广和楼
金山寺340,演出地,天乐茶园
金水桥150,演出地,长安大戏院
金水桥155,演出地,乐舞台
金水桥156,演出地,乐舞台
金水桥190,演出地,广和楼
金水桥320,演出地,广兴茶园
金锁记245,演出地,哈尔飞戏院
金锁阵143,演出地,文明茶园
金锁阵210,演出地,吉祥舞台
金锁阵241,演出地,哈尔飞戏院
金锁阵272,演出地,春仙茶园
金锁阵95,演出地,广和楼
金惟桥292,演出地,春仙茶园
金雁令281,演出地,春仙茶园
金雁桥154,演出地,乐舞台
金雁桥162,演出地,歌舞台
金雁桥179,演出地,景泰茶园
金雁桥287,演出地,春仙茶园
进曫诗110,演出地,天乐茶园
进曫诗116,演出地,天乐茶园
精忠谱121,演出地,天乐茶园
九伐中原56,演出地,吉祥大戏院
九更天189,演出地,景泰茶园
九更天255,演出地,广和楼
九更天313,演出地,广和楼
九龙杯187,演出地,景泰茶园
九龙杯86,演出地,华乐园
九龙山313,演出地,广和楼
九笼山112,演出地,天乐茶园
九巧传355,演出地,三庆戏院
酒店端阳153,演出地,东庆茶园
酒丐354,演出地,华乐戏院
举鼎264,演出地,春仙茶园
举鼎3,演出地,三庆园
举鼎6,演出地,三庆园
举鼎觀畫142,演出地,文明茶园
举棍199,演出地,广和楼
巨大缸289,演出地,春仙茶园
锯碗丁211,演出地,吉祥舞台
掘通老鹳河78,演出地,中和大戏院
开封会审122,演出地,天乐茶园
开山府197,演出地,广和楼
开铡大审122,演出地,天乐茶园
開山府142,演出地,文明茶园
拷红122,演出地,天乐茶园
空城计272,演出地,春仙茶园
孔雀东南飞42,演出地,广和戏院
孔雀屏46,演出地,广和戏院
哭城赐带153,演出地,东庆茶园
哭秦庭322,演出地,广和戏院
苦中苦169,演出地,燕喜茶园
苦中苦174,演出地,燕喜堂
苦中苦180,演出地,景泰茶园
快活林289,演出地,春仙茶园
快活林339,演出地,天乐茶园
葵花峪107,演出地,牡丹园春庆社
葵花峪227,演出地,庆乐戏园
困龙床237,演出地,庆乐戏院
老少换116,演出地,天乐茶园
老少换117,演出地,天乐茶园
老少换118,演出地,天乐茶园
老少换221,演出地,同益茶园
擂鼓金战山312,演出地,广和楼
骊珠梦311,演出地,广和楼
黎素娘81,演出地,中和戏院
李陵碑228,演出地,庆乐戏院
力挽狂澜226,演出地,庆乐戏园
力挽狂澜227,演出地,庆乐戏园
连环套110,演出地,天乐茶园
连环套114,演出地,天乐茶园
连环套115,演出地,天乐茶园
连环套178,演出地,景泰茶园
连环套225,演出地,庆乐园
连环套240,演出地,西安园
连环套243,演出地,哈尔飞戏院
连环套49,演出地,广和戏院
连环阵135,演出地,开明戏院
连环阵223,演出地,庆升茶园
连环阵258,演出地,广和楼
连环阵298,演出地,第一舞台
连环阵311,演出地,广和楼
连环阵313,演出地,广和楼
连升店244,演出地,哈尔飞戏院
连升店56,演出地,吉祥大戏院
连升三级206,演出地,吉祥园
连升三级246,演出地,哈尔飞戏院
连台巧奇冤25,演出地,吉祥园
莲花湖239,演出地,西安园
莲花山123,演出地,天乐茶园
莲花山339,演出地,天乐茶园
两将军51,演出地,广和楼
两将军55,演出地,吉祥大戏院
两将军71,演出地,中和戏院
烈火旗165,演出地,歌舞台
烈女传2,演出地,人和园
烈女傅222,演出地,庆升茶园
林冲夜奔309,演出地,广和楼
林冲夜奔56,演出地,吉祥大戏院
林冲夜奔79,演出地,中和大戏院
林四娘88,演出地,华乐戏院
柳林池140,演出地,文明茶园
柳林池220,演出地,同益茶园
六大白水滩148,演出地,文明茶园
六月雪159,演出地,吉祥茶园
六月雪171,演出地,燕喜堂
六月雪19,演出地,吉祥茶园
六月雪233,演出地,庆乐戏院
六月雪238,演出地,庆乐戏院
六月雪247,演出地,哈尔飞戏院
六月雪264,演出地,春仙茶园
六月雪34,演出地,吉祥园
六月雪56,演出地,吉祥大戏院
六月雪67,演出地,庆乐园
龙恩报343,演出地,天乐茶园
龙凤呈祥248,演出地,哈尔飞戏院
龙凤呈祥37,演出地,广和戏院
龙凤配167,演出地,福寿堂
龙虎斗195,演出地,广和楼
龙女牧羊58,演出地,吉祥戏院
龙女牧羊75,演出地,中和戏院
芦花荡163,演出地,歌舞台
芦花河284,演出地,春仙茶园
庐州城257,演出地,广和楼
庐州城307,演出地,广和楼
潞安州330,演出地,广和戏院
论英雄230,演出地,庆乐戏院
罗义斩子121,演出地,天乐茶园
罗章跪楼318,演出地,广兴茶园
落花园145,演出地,文明茶园
落马湖109,演出地,天乐茶园
落马湖112,演出地,天乐茶园
落马湖149,演出地,长安大戏院
落马湖176,演出地,燕喜堂
落马湖181,演出地,景泰茶园
落马湖207,演出地,吉祥舞台
落马湖266,演出地,春仙茶园
落园14,演出地,吉祥茶园
落园193,演出地,广和楼
落园276,演出地,春仙茶园
落园29,演出地,吉祥园
落园7,演出地,三庆园
马鞍山96,演出地,广和楼
马前泼水106,演出地,丹桂茶园
马上缘183,演出地,景泰茶园
马上缘185,演出地,景泰茶园
马上缘190,演出地,广和楼
马上缘195,演出地,广和楼
马上缘223,演出地,庆升茶园
马上缘264,演出地,春仙茶园
马上缘275,演出地,春仙茶园
马上缘278,演出地,春仙茶园
马上缘5,演出地,三庆园
马思远248,演出地,哈尔飞戏院
马思远348,演出地,中和大戏院
马跳檀溪253,演出地,哈尔飞戏院
骂曹190,演出地,广和楼
骂曹195,演出地,广和楼
骂曹5,演出地,三庆园
骂曹7,演出地,三庆园
骂殿242,演出地,哈尔飞戏院
骂金殿255,演出地,广和楼
骂杨广199,演出地,广和楼
卖豆腐111,演出地,天乐茶园
卖弓计209,演出地,吉祥舞台
卖黄骠258,演出地,广和楼
卖马111,演出地,天乐茶园
卖马187,演出地,景泰茶园
卖马239,演出地,西安园
卖马65,演出地,庆乐茶园
满床笏30,演出地,吉祥园
茂州庙138,演出地,文明茶园
茂州庙264,演出地,春仙茶园
茂州廟120,演出地,天乐茶园
梅绛雪294,演出地,第一舞台
煤山殉国336,演出地,天乐茶园
美龙镇109,演出地,天乐茶园
美龙镇225,演出地,庆乐园
美龙镇318,演出地,广兴茶园
美人计175,演出地,燕喜堂
美人计176,演出地,燕喜堂
美人计216,演出地,同乐茶园
蒙正赶齐167,演出地,福寿堂
孟津河237,演出地,庆乐戏院
孟津河50,演出地,广和戏院
摩天岭211,演出地,吉祥舞台
摩天岭293,演出地,第一舞台
母女会115,演出地,天乐茶园
母女会16,演出地,吉祥茶园
母女会175,演出地,燕喜堂
母女会227,演出地,庆乐戏园
母女会256,演出地,广和楼
母女会258,演出地,广和楼
母女会312,演出地,广和楼
母女会51,演出地,广和楼
牧虎关107,演出地,牡丹园春庆社
牧虎关142,演出地,文明茶园
牧虎关205,演出地,吉祥园
牧虎关329,演出地,广和戏院
牧虎卷287,演出地,春仙茶园
牧羊卷114,演出地,天乐茶园
牧羊卷155,演出地,乐舞台
牧羊卷156,演出地,乐舞台
牧羊卷159,演出地,吉祥茶园
牧羊卷162,演出地,歌舞台
牧羊卷165,演出地,歌舞台
牧羊卷172,演出地,燕喜堂
牧羊卷18,演出地,吉祥茶园
牧羊卷86,演出地,华乐园
牧羊圈16,演出地,吉祥茶园
牧羊圈161,演出地,吉祥园
牧羊圈185,演出地,景泰茶园
牧羊圈221,演出地,同益茶园
牧羊山263,演出地,春仙茶园
穆柯寨107,演出地,牡丹园春庆社
穆柯寨120,演出地,天乐茶园
穆柯寨139,演出地,文明茶园
穆柯寨146,演出地,文明茶园
穆柯寨284,演出地,春仙茶园
穆柯寨70,演出地,中和戏院
穆柯寨烧山85,演出地,华乐园
拿谢虎233,演出地,庆乐戏院
哪吒闹海302,演出地,广和楼
男起解167,演出地,福寿堂
南天门10,演出地,中和茶园
南天门167,演出地,福寿堂
南天门168,演出地,德泉戏园
南天门170,演出地,燕喜茶园
南天门171,演出地,燕喜堂
南天门173,演出地,燕喜堂
南天门174,演出地,燕喜堂
南天门176,演出地,燕喜堂
南天门2,演出地,人和园
南天门203,演出地,广和楼
南天门208,演出地,吉祥舞台
南天门227,演出地,庆乐戏园
南天门240,演出地,西安园
南天门3,演出地,三庆园
南天门65,演出地,庆乐茶园
南阳关146,演出地,文明茶园
南阳关254,演出地,哈尔飞戏院
南阳关95,演出地,广和楼
闹府319,演出地,广兴茶园
闹海96,演出地,广和楼
闹江州38,演出地,广和戏院
闹松林180,演出地,景泰茶园
闹松林47,演出地,广和戏院
娘子军143,演出地,文明茶园
娘子军145,演出地,文明茶园
娘子军215,演出地,同乐茶园
娘子军68,演出地,中和戏院
鸟玉带318,演出地,广兴茶园
孽海波澜102,演出地,丹桂茶园
孽海波澜221,演出地,同益茶园
宁武关162,演出地,歌舞台
宁武关163,演出地,歌舞台
宁武关211,演出地,吉祥舞台
牛头山343,演出地,天乐茶园
女起解10,演出地,中和茶园
女起解135,演出地,开明戏院
女起解169,演出地,燕喜茶园
女起解182,演出地,景泰茶园
女起解225,演出地,庆乐园
女起解227,演出地,庆乐戏园
女起解237,演出地,庆乐戏院
女起解250,演出地,哈尔飞戏院
女起解251,演出地,哈尔飞戏院
女起解309,演出地,广和楼
女起解332,演出地,广德楼
女起解45,演出地,广和戏院
女起解66,演出地,庆乐园
女起解67,演出地,庆乐园
女起解68,演出地,中和戏院
女忠杰121,演出地,天乐茶园
女忠孝171,演出地,燕喜堂
怕婆顶砖204,演出地,吉祥园
盘丝洞86,演出地,华乐园
蟠桃会224,演出地,庆升茶园
蟠桃会285,演出地,春仙茶园
蟠桃会305,演出地,广和楼
蟠桃会314,演出地,广和楼
判监108,演出地,丹桂园福寿班
鄱阳湖205,演出地,吉祥园
破洪州131,演出地,开明戏院
破洪州164,演出地,歌舞台
普球山93,演出地,华乐戏院
普陀寺166,演出地,歌舞台
七盘山217,演出地,同乐茶园
七子八婿305,演出地,广和楼
奇冤报109,演出地,天乐茶园
奇冤报110,演出地,天乐茶园
奇冤报111,演出地,天乐茶园
奇冤报120,演出地,天乐茶园
奇冤报160,演出地,吉祥园
奇冤报182,演出地,景泰茶园
奇冤报224,演出地,庆升茶园
奇冤报258,演出地,广和楼
奇冤报312,演出地,广和楼
奇冤报61,演出地,吉祥大戏院
奇冤报66,演出地,庆乐园
奇忠义126,演出地,天和茶园
棋盘会340,演出地,天乐茶园
起解玉堂春82,演出地,华乐园
千斤一笑6,演出地,三庆园
千斤闸341,演出地,天乐茶园
千里驹347,演出地,天乐茶园
千里送京娘332,演出地,广德楼
乾坤带150,演出地,长安大戏院
乾坤带9,演出地,三庆园
乾坤圈90,演出地,华乐戏院
乾元山161,演出地,吉祥园
乾元山260,演出地,广和楼
枪挑穆天王85,演出地,华乐园
巧连环217,演出地,同乐茶园
巧连环321,演出地,广和戏院
巧连环329,演出地,广和戏院
巧连环52,演出地,广和戏院
巧奇缘24,演出地,吉祥园
秦淮河44,演出地,广和戏院
琴挑123,演出地,天乐茶园
琴挑218,演出地,同乐茶园
琴挑342,演出地,天乐茶园
琴挑343,演出地,天乐茶园
青城十九侠60,演出地,吉祥戏院
青风寨144,演出地,文明茶园
青风寨146,演出地,文明茶园
青风寨191,演出地,广和楼
青风寨307,演出地,广和楼
青风寨319,演出地,广兴茶园
青风寨59,演出地,吉祥大戏院
青龙棍51,演出地,广和楼
青石山108,演出地,丹桂园福寿班
青石山116,演出地,天乐茶园
青石山198,演出地,广和楼
青石山214,演出地,同乐园松庆社
青石山282,演出地,春仙茶园
青石山74,演出地,中和戏院
青云下书12,演出地,民乐茶园
清官册167,演出地,福寿堂
清河桥202,演出地,广和楼
清河桥48,演出地,广和戏院
庆顶珠113,演出地,天乐茶园
庆顶珠139,演出地,文明茶园
庆顶珠183,演出地,景泰茶园
庆顶珠186,演出地,景泰茶园
庆顶珠216,演出地,同乐茶园
庆顶珠315,演出地,三庆茶园
庆阳图328,演出地,广和戏院
慶頂珠32,演出地,吉祥园
秋胡戲妻141,演出地,文明茶园
取成都回柴砸涧318,演出地,广兴茶园
取城都21,演出地,吉祥茶园
取金陵165,演出地,歌舞台
取金陵191,演出地,广和楼
取金陵6,演出地,三庆园
取金陵62,演出地,吉祥大戏院
取洛阳189,演出地,景泰茶园
取洛阳247,演出地,哈尔飞戏院
取洛阳44,演出地,广和戏院
取洛阳56,演出地,吉祥大戏院
取洛阳69,演出地,中和戏院
取洛阳90,演出地,华乐戏院
取雒城309,演出地,广和楼
取荣阳188,演出地,景泰茶园
取荣阳308,演出地,广和楼
取三郡116,演出地,天乐茶园
取帅印143,演出地,文明茶园
取帅印198,演出地,广和楼
取帅印38,演出地,广和戏院
取西川161,演出地,吉祥园
全本蝴蝶杯319,演出地,广兴茶园
全本马家湖33,演出地,吉祥园
全本绒花计30,演出地,吉祥园
全本义侠记69,演出地,中和戏院
全部白帝城127,演出地,开明戏院
全部海马慧寺思远53,演出地,吉祥大戏院
全部狐狸缘59,演出地,吉祥大戏院
全部骊珠梦93,演出地,华乐戏院
全部盘丝洞54,演出地,吉祥大戏院
全部奇双女355,演出地,三庆戏院
全部千里驹151,演出地,长安戏院
全部秦娘55,演出地,吉祥大戏院
全部挑帘裁衣80,演出地,中和大戏院
全部王宝钏41,演出地,广和戏院
全武行（虫八）蜡庙28,演出地,吉祥园
全武行（虫八）蜡庙32,演出地,吉祥园
全武行（虫八）蜡庙35,演出地,吉祥园
全武行白水滩20,演出地,吉祥茶园
全武行百草山19,演出地,吉祥茶园
全武行盗魂铃24,演出地,吉祥园
全武行丁甲山123,演出地,天乐茶园
全武行丁甲山124,演出地,天乐茶园
全武行洞庭湖20,演出地,吉祥茶园
全武行独木关158,演出地,吉祥茶园
全武行独木关17,演出地,吉祥茶园
全武行独木关22,演出地,吉祥茶园
全武行攻潼关20,演出地,吉祥茶园
全武行红桃山24,演出地,吉祥园
全武行花蝴蝶21,演出地,吉祥茶园
全武行嘉兴府18,演出地,吉祥茶园
全武行金钱豹14,演出地,吉祥茶园
全武行金锁阵22,演出地,吉祥茶园
全武行金雁桥25,演出地,吉祥园
全武行快活林122,演出地,天乐茶园
全武行连营寨19,演出地,吉祥茶园
全武行莲花湖31,演出地,吉祥园
全武行茂州庙31,演出地,吉祥园
全武行茂州庙34,演出地,吉祥园
全武行牛头山30,演出地,吉祥园
全武行钱塘县30,演出地,吉祥园
全武行擒张任32,演出地,吉祥园
全武行青石山21,演出地,吉祥茶园
全武行青石山27,演出地,吉祥园
全武行请关胜29,演出地,吉祥园
全武行请关胜34,演出地,吉祥园
全武行双泗州16,演出地,吉祥茶园
全武行泗州城15,演出地,吉祥茶园
全武行天岗阵123,演出地,天乐茶园
全武行挑华车15,演出地,吉祥茶园
全武行溪皇庄13,演出地,吉祥茶园
全武行溪皇庄17,演出地,吉祥茶园
全武行薛家窩23,演出地,吉祥园
全武行艷阳楼26,演出地,吉祥园
全武行阳平关28,演出地,吉祥园
全武行摇钱树29,演出地,吉祥园
全武行战猇亭16,演出地,吉祥茶园
群臣宴201,演出地,广和楼
群臣宴96,演出地,广和楼
群臣宴97,演出地,广和楼
群英会106,演出地,丹桂茶园
群英会162,演出地,歌舞台
群英会236,演出地,庆乐戏院
绒花计158,演出地,吉祥茶园
绒花计31,演出地,吉祥园
入侯府112,演出地,天乐茶园
三岔口185,演出地,景泰茶园
三岔口271,演出地,春仙茶园
三国志215,演出地,同乐茶园
三国志245,演出地,哈尔飞戏院
三国志362,演出地,广德楼
三国志45,演出地,广和戏院
三击掌119,演出地,天乐茶园
三家店327,演出地,广和戏院
三教寺97,演出地,广和楼
三进士304,演出地,广和楼
三进士96,演出地,广和楼
三娘教子1,演出地,中和戏院
三娘教子111,演出地,天乐茶园
三娘教子128,演出地,开明戏院
三娘教子173,演出地,燕喜堂
三人闷154,演出地,乐舞台
三上轿157,演出地,乐舞台
三上轿167,演出地,福寿堂
三上桥154,演出地,乐舞台
三世修175,演出地,燕喜堂
三世修194,演出地,广和楼
三疑计10,演出地,中和茶园
三疑计105,演出地,丹桂茶园
三疑计16,演出地,吉祥茶园
三疑计17,演出地,吉祥茶园
三疑计20,演出地,吉祥茶园
三疑计207,演出地,吉祥舞台
三疑计279,演出地,春仙茶园
三疑计317,演出地,广乐茶园
三疑计32,演出地,吉祥园
桑元会290,演出地,春仙茶园
桑园154,演出地,乐舞台
桑园会104,演出地,丹桂茶园
桑园会11,演出地,中和茶园
桑园会157,演出地,乐舞台
桑园会170,演出地,燕喜茶园
桑园会178,演出地,景泰茶园
桑园会22,演出地,吉祥茶园
桑园会223,演出地,庆升茶园
桑园会25,演出地,吉祥园
桑园会257,演出地,广和楼
桑园寄子113,演出地,天乐茶园
桑园寄子114,演出地,天乐茶园
桑园寄子146,演出地,文明茶园
桑园寄子169,演出地,燕喜茶园
桑园寄子19,演出地,吉祥茶园
桑园寄子222,演出地,庆升茶园
桑园寄子232,演出地,庆乐戏院奎德社
桑园寄子64,演出地,庆乐茶园
扫花三醉304,演出地,广和楼
扫松343,演出地,天乐茶园
杀府112,演出地,天乐茶园
杀府154,演出地,乐舞台
杀府逃国110,演出地,天乐茶园
杀府逃国111,演出地,天乐茶园
杀府逃国113,演出地,天乐茶园
杀府逃国169,演出地,燕喜茶园
杀狗13,演出地,吉祥茶园
杀狗194,演出地,广和楼
杀狗34,演出地,吉祥园
杀庙24,演出地,吉祥园
杀庙265,演出地,春仙茶园
杀庙274,演出地,春仙茶园
杀庙275,演出地,春仙茶园
杀庙33,演出地,吉祥园
杀三士231,演出地,庆乐戏院
杀四门260,演出地,广和楼
山门122,演出地,天乐茶园
山门123,演出地,天乐茶园
珊瑚传67,演出地,庆乐园
煽火炉125,演出地,天和茶园
善宝庄222,演出地,庆升茶园
善保荘329,演出地,广和戏院
善實莊142,演出地,文明茶园
上坟 8,演出地,三庆园
上天台144,演出地,文明茶园
上天台163,演出地,歌舞台
上天台227,演出地,庆乐戏园
上天台246,演出地,哈尔飞戏院
上天台256,演出地,广和楼
上天台307,演出地,广和楼
上天台36,演出地,广和戏院
上天台66,演出地,庆乐园
烧骨计157,演出地,乐舞台
烧骨计22,演出地,吉祥茶园
烧骨计27,演出地,吉祥园
少年立志38,演出地,广和戏院
射戟116,演出地,天乐茶园
射戟187,演出地,景泰茶园
射战229,演出地,庆乐戏院
神亭岭202,演出地,广和楼
神亭岭42,演出地,广和戏院
审刺客139,演出地,文明茶园
审刺客339,演出地,天乐茶园
审刺客344,演出地,天乐茶园
审李七97,演出地,广和楼
审头139,演出地,文明茶园
审头刺汤197,演出地,广和楼
审头刺汤310,演出地,广和楼
审头刺汤314,演出地,广和楼
生辰纲255,演出地,广和楼
生辰纲256,演出地,广和楼
失街亭104,演出地,丹桂茶园
失街亭110,演出地,天乐茶园
失街亭141,演出地,文明茶园
失街亭144,演出地,文明茶园
失街亭145,演出地,文明茶园
失街亭146,演出地,文明茶园
失街亭147,演出地,文明茶园
失街亭159,演出地,吉祥茶园
失街亭169,演出地,燕喜茶园
失街亭179,演出地,景泰茶园
失街亭18,演出地,吉祥茶园
失街亭181,演出地,景泰茶园
失街亭191,演出地,广和楼
失街亭192,演出地,广和楼
失街亭222,演出地,庆升茶园
失街亭243,演出地,哈尔飞戏院
失街亭254,演出地,哈尔飞戏院
失街亭26,演出地,吉祥园
失街亭286,演出地,春仙茶园
失街亭291,演出地,春仙茶园
失街亭303,演出地,广和楼
失街亭31,演出地,吉祥园
失街亭7,演出地,三庆园
失街亭代斩马■138,演出地,文明茶园
失街亭斩奇謖33,演出地,吉祥园
狮吼记5,演出地,三庆园
狮子楼100,演出地,丹桂茶园
狮子楼12,演出地,民乐茶园
狮子楼213,演出地,吉祥舞台
十八扯101,演出地,丹桂茶园
十八扯15,演出地,吉祥茶园
十八扯158,演出地,吉祥茶园
十八扯168,演出地,德泉戏园
十八扯188,演出地,景泰茶园
十八扯2,演出地,人和园
十八扯273,演出地,春仙茶园
十八扯288,演出地,春仙茶园
十三妹230,演出地,庆乐戏院
十万金155,演出地,乐舞台
十万金171,演出地,燕喜堂
十万金172,演出地,燕喜堂
十万金173,演出地,燕喜堂
十王府120,演出地,天乐茶园
十王府179,演出地,景泰茶园
十字坡159,演出地,吉祥茶园
十字坡259,演出地,广和楼
十字坡261,演出地,哈尔飞戏院
十字坡264,演出地,春仙茶园
拾玉镯352,演出地,华乐戏院
收关胜216,演出地,同乐茶园
收关胜225,演出地,庆乐园
守门杀监336,演出地,天乐茶园
帅府招亲169,演出地,燕喜茶园
双（虫八）蜡庙202,演出地,广和楼
双包案255,演出地,广和楼
双彩楼160,演出地,吉祥园
双彩楼配147,演出地,文明茶园
双翠屏山115,演出地,天乐茶园
双代箭179,演出地,景泰茶园
双吊孝13,演出地,吉祥茶园
双吊孝172,演出地,燕喜堂
双吊孝174,演出地,燕喜堂
双吊孝2,演出地,人和园
双吊孝35,演出地,吉祥园
双钉记188,演出地,景泰茶园
双钉记249,演出地,哈尔飞戏院
双钉记309,演出地,广和楼
双定军山115,演出地,天乐茶园
双断桥11,演出地,中和茶园
双断桥14,演出地,吉祥茶园
双断桥207,演出地,吉祥舞台
双恶虎村182,演出地,景泰茶园
双官告293,演出地,第一舞台
双官诰120,演出地,天乐茶园
双官诰175,演出地,燕喜堂
双官诰176,演出地,燕喜堂
双官诰232,演出地,庆乐戏院奎德社
双合印153,演出地,东庆茶园
双合印344,演出地,天乐茶园
双花蝴蝶112,演出地,天乐茶园
双铃记113,演出地,天乐茶园
双铃记335,演出地,天乐茶园
双铃记348,演出地,中和大戏院
双色案100,演出地,丹桂茶园
双色案267,演出地,春仙茶园
双色案278,演出地,春仙茶园
双沙河261,演出地,哈尔飞戏院
双狮图184,演出地,景泰茶园
双拾金236,演出地,庆乐戏院
双泗州184,演出地,景泰茶园
双泗州47,演出地,广和戏院
双锁山293,演出地,第一舞台
双天师19,演出地,吉祥茶园
双天师27,演出地,吉祥园
双铁弓缘11,演出地,中和茶园
双脱衣155,演出地,乐舞台
双羊计222,演出地,庆升茶园
双摇会141,演出地,文明茶园
双摇会142,演出地,文明茶园
双摇会170,演出地,燕喜茶园
双摇会306,演出地,广和楼
双摇会62,演出地,吉祥大戏院
双状元156,演出地,乐舞台
水浒传17,演出地,吉祥茶园
水帘洞132,演出地,开明戏院
水帘洞144,演出地,文明茶园
水帘洞160,演出地,吉祥园
水帘洞201,演出地,广和楼
水帘洞301,演出地,广和楼
水帘洞315,演出地,三庆茶园
水战三江口163,演出地,歌舞台
思凡346,演出地,天乐茶园
四白水滩306,演出地,广和楼
四杰村198,演出地,广和楼
四杰村230,演出地,庆乐戏院
四杰村273,演出地,春仙茶园
四杰村67,演出地,庆乐园
四杰村72,演出地,中和戏院
四进士132,演出地,开明戏院
四进士145,演出地,文明茶园
四进士201,演出地,广和楼
四进士49,演出地,广和戏院
四郎探母185,演出地,景泰茶园
四郎探母238,演出地,庆乐戏院
四郎探母40,演出地,广和戏院
四平山310,演出地,广和楼
汜水关64,演出地,庆乐茶园
泗州城104,演出地,丹桂茶园
泗州城139,演出地,文明茶园
泗州城141,演出地,文明茶园
泗州城186,演出地,景泰茶园
泗州城272,演出地,春仙茶园
泗州城313,演出地,广和楼
泗州城83,演出地,华乐园
宋金郎162,演出地,歌舞台
送面33,演出地,吉祥园
送亲136,演出地,文明茶园
送亲演礼311,演出地,广和楼
送亲演礼312,演出地,广和楼
送亲演礼51,演出地,广和楼
搜孤136,演出地,文明茶园
搜孤14,演出地,吉祥茶园
搜孤17,演出地,吉祥茶园
搜孤195,演出地,广和楼
搜孤救孤112,演出地,天乐茶园
搜孤救孤202,演出地,广和楼
搜孤救孤209,演出地,吉祥舞台
搜救孤102,演出地,丹桂茶园
搜救孤328,演出地,广和戏院
搜救孤46,演出地,广和戏院
苏三起解128,演出地,开明戏院
苏武牧羊247,演出地,哈尔飞戏院
苏武牧羊62,演出地,吉祥大戏院
苏州城95,演出地,广和楼
酸棗岭303,演出地,广和楼
算军粮174,演出地,燕喜堂
算粮220,演出地,同益茶园
算粮登殿194,演出地,广和楼
锁五龙112,演出地,天乐茶园
锁五龙214,演出地,同乐园松庆社
锁五龙99,演出地,广和楼
太白醉写39,演出地,广和戏院
太君辞朝204,演出地,吉祥园
太君辞朝36,演出地,广和戏院
太平桥144,演出地,文明茶园
太平桥192,演出地,广和楼
太平桥200,演出地,广和楼
太平桥277,演出地,春仙茶园
太平桥42,演出地,广和戏院
太行山145,演出地,文明茶园
太行山308,演出地,广和楼
太行山310,演出地,广和楼
太真外传298,演出地,第一舞台
贪欢报192,演出地,广和楼
贪欢报198,演出地,广和楼
贪欢报362,演出地,广德楼
贪欢报54,演出地,吉祥大戏院
贪欢报7,演出地,三庆园
探寒窑292,演出地,春仙茶园
探寒窑307,演出地,广和楼
探皇陵37,演出地,广和戏院
探母104,演出地,丹桂茶园
探母164,演出地,歌舞台
探母277,演出地,春仙茶园
探母回令237,演出地,庆乐戏院
探母回令292,演出地,春仙茶园
探母回令299,演出地,第一舞台
探母回令57,演出地,吉祥大戏院
探母回令71,演出地,中和戏院
探亲103,演出地,丹桂茶园
探亲18,演出地,吉祥茶园
探亲196,演出地,广和楼
探亲199,演出地,广和楼
探亲280,演出地,春仙茶园
探亲家120,演出地,天乐茶园
探亲家141,演出地,文明茶园
探亲家159,演出地,吉祥茶园
探亲家181,演出地,景泰茶园
探亲家57,演出地,吉祥大戏院
探亲家59,演出地,吉祥大戏院
探亲家67,演出地,庆乐园
探窑15,演出地,吉祥茶园
探窑39,演出地,广和戏院
探阴山147,演出地,文明茶园
探阴山314,演出地,广和楼
探阴山67,演出地,庆乐园
探庄射灯162,演出地,歌舞台
逃国315,演出地,三庆茶园
桃花岭40,演出地,广和戏院
提水计277,演出地,春仙茶园
天飞闸64,演出地,庆乐茶园
天官赐福201,演出地,广和楼
天雷报119,演出地,天乐茶园
天雷报198,演出地,广和楼
天门走雪294,演出地,第一舞台
天门走雪66,演出地,庆乐园
天配姻缘205,演出地,吉祥园
天齐庙64,演出地,庆乐茶园
天水关173,演出地,燕喜堂
天水关23,演出地,吉祥园
天水关284,演出地,春仙茶园
天水关317,演出地,广乐茶园
天水关50,演出地,广和戏院
挑华车11,演出地,中和茶园
挑华车185,演出地,景泰茶园
挑华车189,演出地,景泰茶园
挑滑车110,演出地,天乐茶园
挑滑车114,演出地,天乐茶园
挑滑车140,演出地,文明茶园
挑滑车178,演出地,景泰茶园
挑滑车201,演出地,广和楼
挑滑车207,演出地,吉祥舞台
挑滑车240,演出地,西安园
挑滑车244,演出地,哈尔飞戏院
挑滑车283,演出地,春仙茶园
挑滑车286,演出地,春仙茶园
挑滑车40,演出地,广和戏院
挑滑车66,演出地,庆乐园
挑滑车89,演出地,华乐戏院
挑滑车99,演出地,广和楼
挑帘裁衣360,演出地,三庆戏院
铁弓元268,演出地,春仙茶园
铁弓缘256,演出地,广和楼
铁弓缘266,演出地,春仙茶园
铁弓缘28,演出地,吉祥园
铁公鸡117,演出地,天乐茶园
铁公鸡119,演出地,天乐茶园
铁公鸡128,演出地,开明戏院
铁公鸡158,演出地,吉祥茶园
铁公鸡164,演出地,歌舞台
铁公鸡221,演出地,同益茶园
铁莲花115,演出地,天乐茶园
铁莲花29,演出地,吉祥园
铁笼山275,演出地,春仙茶园
铁笼山315,演出地,三庆茶园
铁笼山335,演出地,天乐茶园
通天犀108,演出地,丹桂园福寿班
通天犀153,演出地,东庆茶园
通天犀206,演出地,吉祥园
通天犀218,演出地,同乐茶园
通天犀341,演出地,天乐茶园
通天犀346,演出地,天乐茶园
铜纲阵113,演出地,天乐茶园
铜钢阵270,演出地,春仙茶园
偷桃340,演出地,天乐茶园
偷桃344,演出地,天乐茶园
投水341,演出地,天乐茶园
土地祠319,演出地,广兴茶园
土番国88,演出地,华乐戏院
退兵黄天荡78,演出地,中和大戏院
托兆碰碑10,演出地,中和茶园
托兆碰碑101,演出地,丹桂茶园
托兆碰碑13,演出地,吉祥茶园
托兆碰碑14,演出地,吉祥茶园
托兆碰碑140,演出地,文明茶园
托兆碰碑162,演出地,歌舞台
托兆碰碑165,演出地,歌舞台
托兆碰碑168,演出地,德泉戏园
托兆碰碑171,演出地,燕喜堂
托兆碰碑183,演出地,景泰茶园
托兆碰碑194,演出地,广和楼
托兆碰碑200,演出地,广和楼
托兆碰碑278,演出地,春仙茶园
托兆碰碑283,演出地,春仙茶园
托兆碰碑51,演出地,广和楼
瓦口关260,演出地,广和楼
完璧归赵342,演出地,天乐茶园
碗沙计192,演出地,广和楼
碗沙计197,演出地,广和楼
碗沙计277,演出地,春仙茶园
碗沙计280,演出地,春仙茶园
王宝钏331,演出地,广和戏院
王英骂寨311,演出地,广和楼
望儿楼110,演出地,天乐茶园
望儿楼169,演出地,燕喜茶园
望儿楼191,演出地,广和楼
望儿楼193,演出地,广和楼
望儿楼201,演出地,广和楼
望儿楼97,演出地,广和楼
渭水河203,演出地,广和楼
渭水河313,演出地,广和楼
渭水河44,演出地,广和戏院
温凉盏130,演出地,开明戏院
文武代打夜战马超126,演出地,天和茶园
文章会106,演出地,丹桂茶园
文章会116,演出地,天乐茶园
文章会235,演出地,庆乐戏院
文章会253,演出地,哈尔飞戏院
文章会299,演出地,第一舞台
文章会349,演出地,中和戏院
文昭关107,演出地,牡丹园春庆社
文昭关112,演出地,天乐茶园
文昭关118,演出地,天乐茶园
文昭关140,演出地,文明茶园
文昭关171,演出地,燕喜堂
文昭关174,演出地,燕喜堂
文昭关175,演出地,燕喜堂
文昭关221,演出地,同益茶园
文昭关296,演出地,第一舞台
文昭关37,演出地,广和戏院
问病123,演出地,天乐茶园
问樵闹府117,演出地,天乐茶园
问樵闹府164,演出地,歌舞台
问樵闹府165,演出地,歌舞台
乌龙院206,演出地,吉祥园
乌龙院236,演出地,庆乐戏院
乌龙院244,演出地,哈尔飞戏院
乌龙院272,演出地,春仙茶园
乌龙院63,演出地,庆乐茶园
乌盆记124,演出地,天乐茶园
乌玉代270,演出地,春仙茶园
乌玉带167,演出地,福寿堂
乌玉带2,演出地,人和园
无底洞296,演出地,第一舞台
无底洞303,演出地,广和楼
无底洞309,演出地,广和楼
无底洞49,演出地,广和戏院
无底洞98,演出地,广和楼
吴家花园316,演出地,三庆戏院
蜈蚣岭217,演出地,同乐茶园
蜈蚣岭312,演出地,广和楼
蜈蚣岭314,演出地,广和楼
蜈蚣岭343,演出地,天乐茶园
五当山41,演出地,广和戏院
五毒传284,演出地,春仙茶园
五飞图315,演出地,三庆茶园
五湖船301,演出地,广和楼
五湖船321,演出地,广和戏院
五虎平西228,演出地,庆乐戏院
五花洞142,演出地,文明茶园
五花洞278,演出地,春仙茶园
五花洞5,演出地,三庆园
五截山206,演出地,吉祥园
五人义286,演出地,春仙茶园
五台山25,演出地,吉祥园
五台山322,演出地,广和戏院
五元哭坟155,演出地,乐舞台
武家坡120,演出地,天乐茶园
武家坡200,演出地,广和楼
武家坡210,演出地,吉祥舞台
武家坡315,演出地,三庆茶园
武家坡33,演出地,吉祥园
武家坡74,演出地,中和戏院
武十回180,演出地,景泰茶园
武松打店299,演出地,第一舞台
武文华296,演出地,第一舞台
武文华351,演出地,华乐戏院
武昭关319,演出地,广兴茶园
西湖阴配194,演出地,广和楼
西湖阴配278,演出地,春仙茶园
西施297,演出地,第一舞台
溪皇庄101,演出地,丹桂茶园
溪皇庄137,演出地,文明茶园
溪皇庄181,演出地,景泰茶园
溪皇庄245,演出地,哈尔飞戏院
溪皇庄312,演出地,广和楼
洗浮山258,演出地,广和楼
洗浮山323,演出地,广和戏院
喜封侯303,演出地,广和楼
戏凤103,演出地,丹桂茶园
戏凤139,演出地,文明茶园
戏迷传147,演出地,文明茶园
戏迷传148,演出地,文明茶园
戏迷传164,演出地,歌舞台
戏迷传275,演出地,春仙茶园
戏妻267,演出地,春仙茶园
下河东133,演出地,开明戏院
下河东19,演出地,吉祥茶园
下河东51,演出地,广和楼
下河南184,演出地,景泰茶园
下河南342,演出地,天乐茶园
下河南343,演出地,天乐茶园
献长安252,演出地,哈尔飞戏院
献长安4,演出地,三庆园
湘江会192,演出地,广和楼
湘江会196,演出地,广和楼
湘江会52,演出地,广和戏院
祥梅寺50,演出地,广和戏院
逍遥津213,演出地,吉祥舞台
逍遥津332,演出地,广德楼
逍遥津47,演出地,广和戏院
潇湘夜雨134,演出地,开明戏院
小放牛11,演出地,中和茶园
小放牛141,演出地,文明茶园
小放牛143,演出地,文明茶园
小放牛32,演出地,吉祥园
小放牛38,演出地,广和戏院
小姑贤113,演出地,天乐茶园
小姑贤115,演出地,天乐茶园
小过年305,演出地,广和楼
小过年333,演出地,广德楼
小过年36,演出地,广和戏院
小上坟61,演出地,吉祥大戏院
小阎王造反212,演出地,吉祥舞台
孝感天137,演出地,文明茶园
孝感天280,演出地,春仙茶园
孝感天286,演出地,春仙茶园
孝感天317,演出地,广乐茶园
孝义节211,演出地,吉祥舞台
孝义节272,演出地,春仙茶园
辛安馹34,演出地,吉祥园
辛安驿140,演出地,文明茶园
辛安驿154,演出地,乐舞台
新春秋配130,演出地,开明戏院
新灯彩切208,演出地,吉祥舞台
新洛阳桥294,演出地,第一舞台
新排全本活捉张三郎70,演出地,中和戏院
新十三妹89,演出地,华乐戏院
新天河配128,演出地,开明戏院
新天河配208,演出地,吉祥舞台
新玉堂春236,演出地,庆乐戏院
新珍珠扇150,演出地,长安大戏院
新珍珠扇76,演出地,中和大戏院
行路139,演出地,文明茶园
行路140,演出地,文明茶园
行路168,演出地,德泉戏园
行路180,演出地,景泰茶园
行路哭灵187,演出地,景泰茶园
行路哭灵197,演出地,广和楼
行路训子46,演出地,广和戏院
行路训子65,演出地,庆乐茶园
醒世图167,演出地,福寿堂
杏花村156,演出地,乐舞台
杏花村157,演出地,乐舞台
雄黄阵188,演出地,景泰茶园
雄黄阵193,演出地,广和楼
雄黄阵197,演出地,广和楼
徐母骂曹227,演出地,庆乐戏园
徐母骂曹300,演出地,吉祥戏院
徐母训子214,演出地,同乐园松庆社
宣化府310,演出地,广和楼
宣化府314,演出地,广和楼
选元戎302,演出地,广和楼
薛家窝208,演出地,吉祥舞台
薛家窝256,演出地,广和楼
薛家窝280,演出地,春仙茶园
薛家窝304,演出地,广和楼
薛礼别窑113,演出地,天乐茶园
学舌341,演出地,天乐茶园
雪杯圆11,演出地,中和茶园
雪杯圆159,演出地,吉祥茶园
雪杯圆45,演出地,广和戏院
雪杯圆82,演出地,华乐园
雪梅吊孝10,演出地,中和茶园
血手印10,演出地,中和茶园
血手印157,演出地,乐舞台
血手印293,演出地,第一舞台
荀灌娘328,演出地,广和戏院
荀灌娘40,演出地,广和戏院
浔阳楼259,演出地,广和楼
雅观楼147,演出地,文明茶园
雅观楼339,演出地,天乐茶园
胭脂虎136,演出地,文明茶园
胭脂虎187,演出地,景泰茶园
胭脂虎197,演出地,广和楼
胭脂虎199,演出地,广和楼
胭脂虎200,演出地,广和楼
胭脂虎254,演出地,哈尔飞戏院
胭脂虎65,演出地,庆乐茶园
胭脂血121,演出地,天乐茶园
胭脂血123,演出地,天乐茶园
胭脂褶40,演出地,广和戏院
烟花镜285,演出地,春仙茶园
阎婆惜134,演出地,开明戏院
演火棍130,演出地,开明戏院
演火棍190,演出地,广和楼
演火棍195,演出地,广和楼
演火棍216,演出地,同乐茶园
演火棍43,演出地,广和戏院
艳阳楼129,演出地,开明戏院
艳阳楼147,演出地,文明茶园
艳阳楼163,演出地,歌舞台
艳阳楼315,演出地,三庆茶园
雁门关160,演出地,吉祥园
雁门关173,演出地,燕喜堂
雁门关258,演出地,广和楼
雁门关263,演出地,春仙茶园
雁门关325,演出地,广和戏院
雁门关326,演出地,广和戏院
雁门关327,演出地,广和戏院
雁门关48,演出地,广和戏院
雁门关南北和35,演出地,吉祥园
焰火棍286,演出地,春仙茶园
焰火棍打韩昌3,演出地,三庆园
艷楊楼265,演出地,春仙茶园
扬平关206,演出地,吉祥园
阳告218,演出地,同乐茶园
阳平关184,演出地,景泰茶园
阳平关270,演出地,春仙茶园
阳平关277,演出地,春仙茶园
阳平关294,演出地,第一舞台
阳平关301,演出地,广和楼
阳平关54,演出地,吉祥大戏院
杨家将73,演出地,中和戏院
摇钱树138,演出地,文明茶园
摇钱树156,演出地,乐舞台
摇钱树172,演出地,燕喜堂
摇钱树289,演出地,春仙茶园
摇钱树298,演出地,第一舞台
摇钱树4,演出地,三庆园
摇钱树48,演出地,广和戏院
药茶计195,演出地,广和楼
夜奔108,演出地,丹桂园福寿班
夜审周紫琴333,演出地,广德楼
夜巡347,演出地,天乐茶园
夜战马超299,演出地,第一舞台
一口剑107,演出地,牡丹园春庆社
一口剑131,演出地,开明戏院
一缕麻204,演出地,吉祥园
一捧雪118,演出地,天乐茶园
一捧雪48,演出地,广和戏院
一捧雪63,演出地,庆乐茶园
一匹布144,演出地,文明茶园
一匹布152,演出地,东庆茶园
一匹布202,演出地,广和楼
一匹布297,演出地,第一舞台
一疋布205,演出地,吉祥园
一疋布246,演出地,哈尔飞戏院
遗翠花32,演出地,吉祥园
义侠计206,演出地,吉祥园
阴魂阵187,演出地,景泰茶园
氤氲阵204,演出地,吉祥园
氤氲阵39,演出地,广和戏院
殷家堡308,演出地,广和楼
殷家堡328,演出地,广和戏院
英杰烈148,演出地,文明茶园
英杰烈157,演出地,乐舞台
英杰烈256,演出地,广和楼
英雄会260,演出地,广和楼
英雄会305,演出地,广和楼
英雄会87,演出地,华乐戏院
英雄台152,演出地,东庆茶园
英雄台336,演出地,天乐茶园
英雄义111,演出地,天乐茶园
英雄义130,演出地,开明戏院
英雄义229,演出地,庆乐戏院
英雄义36,演出地,广和戏院
雍凉关242,演出地,哈尔飞戏院
幽界关203,演出地,广和楼
幽界关279,演出地,春仙茶园
游宫射雕10,演出地,中和茶园
游宫射雕170,演出地,燕喜茶园
游宫射雕208,演出地,吉祥舞台
游六殿120,演出地,天乐茶园
游六殿303,演出地,广和楼
游六殿99,演出地,广和楼
游龙戏凤78,演出地,中和大戏院
游龙战凤59,演出地,吉祥大戏院
游园惊梦301,演出地,广和楼
于春堂253,演出地,哈尔飞戏院
鱼肠剑118,演出地,天乐茶园
鱼肠剑160,演出地,吉祥园
鱼肠剑168,演出地,德泉戏园
鱼肠剑175,演出地,燕喜堂
鱼肠剑182,演出地,景泰茶园
鱼肠剑183,演出地,景泰茶园
鱼肠剑203,演出地,广和楼
鱼肠剑221,演出地,同益茶园
鱼肠剑263,演出地,春仙茶园
鱼肠剑291,演出地,春仙茶园
鱼肠剑293,演出地,第一舞台
鱼肠剑307,演出地,广和楼
鱼肠剑320,演出地,广兴茶园
鱼肠剑7,演出地,三庆园
鱼肠剑别母刺遼25,演出地,吉祥园
鱼肠剑刺遼22,演出地,吉祥茶园
宇宙锋116,演出地,天乐茶园
宇宙锋199,演出地,广和楼
宇宙锋232,演出地,庆乐戏院奎德社
宇宙锋259,演出地,广和楼
宇宙锋260,演出地,广和楼
宇宙锋296,演出地,第一舞台
雨将军251,演出地,哈尔飞戏院
玉京道人228,演出地,庆乐戏院
玉玲珑139,演出地,文明茶园
玉玲珑182,演出地,景泰茶园
玉玲珑64,演出地,庆乐茶园
玉门关63,演出地,庆乐茶园
玉狮坠44,演出地,广和戏院
玉堂春157,演出地,乐舞台
玉堂春182,演出地,景泰茶园
玉堂春206,演出地,吉祥园
玉堂春231,演出地,庆乐戏院
玉堂春240,演出地,西安园
玉堂春249,演出地,哈尔飞戏院
玉堂春250,演出地,哈尔飞戏院
玉堂春264,演出地,春仙茶园
玉堂春300,演出地,吉祥戏院
玉堂春302,演出地,广和楼
玉堂春8,演出地,三庆园
玉簪记123,演出地,天乐茶园
遇后22,演出地,吉祥茶园
遇后30,演出地,吉祥园
遇后31,演出地,吉祥园
遇后龙袍206,演出地,吉祥园
遇皇后95,演出地,广和楼
遇新年216,演出地,同乐茶园
御碑亭305,演出地,广和楼
御碑亭350,演出地,华乐园
御果园149,演出地,长安大戏院
御果园299,演出地,第一舞台
御果园47,演出地,广和戏院
御果园49,演出地,广和戏院
辕门斩子165,演出地,歌舞台
辕门斩子181,演出地,景泰茶园
辕门斩子205,演出地,吉祥园
辕门斩子225,演出地,庆乐园
辕门斩子321,演出地,广和戏院
辕门斩子6,演出地,三庆园
辕门斩子66,演出地,庆乐园
岳家庄106,演出地,丹桂茶园
岳家庄109,演出地,天乐茶园
岳家庄111,演出地,天乐茶园
岳家庄117,演出地,天乐茶园
岳家庄138,演出地,文明茶园
岳家庄148,演出地,文明茶园
岳家庄188,演出地,景泰茶园
岳家庄191,演出地,广和楼
岳家庄196,演出地,广和楼
岳家庄206,演出地,吉祥园
岳家庄234,演出地,庆乐戏院
岳家庄296,演出地,第一舞台
岳家庄55,演出地,吉祥大戏院
岳家庄63,演出地,庆乐茶园
岳雷招亲166,演出地,歌舞台
岳母刺字54,演出地,吉祥大戏院
悦来店205,演出地,吉祥园
越虎城247,演出地,哈尔飞戏院
越虎城250,演出地,哈尔飞戏院
砸涧20,演出地,吉祥茶园
造化山256,演出地,广和楼
则英会196,演出地,广和楼
赠金32,演出地,吉祥园
铡包勉190,演出地,广和楼
铡包勉252,演出地,哈尔飞戏院
铡包勉257,演出地,广和楼
铡美案132,演出地,开明戏院
铡美案154,演出地,乐舞台
铡美案20,演出地,吉祥茶园
铡美案28,演出地,吉祥园
铡美案293,演出地,第一舞台
铡美案30,演出地,吉祥园
铡美案34,演出地,吉祥园
铡美案65,演出地,庆乐茶园
铡勉63,演出地,庆乐茶园
诈历城203,演出地,广和楼
摘缨会198,演出地,广和楼
摘缨会224,演出地,庆升茶园
斩豆娥21,演出地,吉祥茶园
斩华雄328,演出地,广和戏院
斩黄袍119,演出地,天乐茶园
斩黄袍159,演出地,吉祥茶园
斩黄袍193,演出地,广和楼
斩黄袍214,演出地,同乐园松庆社
斩黄袍22,演出地,吉祥茶园
斩黄袍240,演出地,西安园
斩黄袍320,演出地,广兴茶园
斩黄袍38,演出地,广和戏院
斩颜良207,演出地,吉祥舞台
斩子105,演出地,丹桂茶园
斩子191,演出地,广和楼
战北原13,演出地,吉祥茶园
战城都198,演出地,广和楼
战城都27,演出地,吉祥园
战城都271,演出地,春仙茶园
战岱州37,演出地,广和戏院
战樊城145,演出地,文明茶园
战樊城246,演出地,哈尔飞戏院
战伏扬222,演出地,庆升茶园
战冀州353,演出地,华乐戏院
战冀州61,演出地,吉祥大戏院
战金山214,演出地,同乐园松庆社
战坡口97,演出地,广和楼
战蒲关138,演出地,文明茶园
战蒲关139,演出地,文明茶园
战蒲关190,演出地,广和楼
战蒲关21,演出地,吉祥茶园
战蒲关263,演出地,春仙茶园
战蒲关266,演出地,春仙茶园
战蒲关289,演出地,春仙茶园
战蒲关310,演出地,广和楼
战蒲关32,演出地,吉祥园
战濮阳308,演出地,广和楼
战太平190,演出地,广和楼
战太平191,演出地,广和楼
战太平216,演出地,同乐茶园
战太平299,演出地,第一舞台
战太平56,演出地,吉祥大戏院
战太平64,演出地,庆乐茶园
战宛城147,演出地,文明茶园
战宛城164,演出地,歌舞台
战宛城165,演出地,歌舞台
战宛城279,演出地,春仙茶园
战渭南98,演出地,广和楼
战猇亭120,演出地,天乐茶园
战长沙166,演出地,歌舞台
战长沙204,演出地,吉祥园
战长沙215,演出地,同乐茶园
站太平224,演出地,庆升茶园
张保摔子156,演出地,乐舞台
张保摔子212,演出地,吉祥舞台
张飞闯帐337,演出地,天乐茶园
长坂坡111,演出地,天乐茶园
长坂坡208,演出地,吉祥舞台
长坂坡273,演出地,春仙茶园
长坂坡63,演出地,庆乐茶园
长板坡8,演出地,三庆园
长寿星129,演出地,开明戏院
长寿星141,演出地,文明茶园
长寿星144,演出地,文明茶园
长寿星324,演出地,广和戏院
长亭124,演出地,天乐茶园
招贤镇3,演出地,三庆园
昭君152,演出地,东庆茶园
昭君出塞316,演出地,三庆戏院
赵家楼235,演出地,庆乐戏院
赵家楼297,演出地,第一舞台
赵家桥195,演出地,广和楼
赵云赶船125,演出地,天和茶园
斟情记330,演出地,广和戏院
镇坛州7,演出地,三庆园
镇谭州166,演出地,歌舞台
镇潭州280,演出地,春仙茶园
镇潭州282,演出地,春仙茶园
镇潭州335,演出地,天乐茶园
征北海306,演出地,广和楼
蒸骨三騐213,演出地,吉祥舞台
郑州庙204,演出地,吉祥园
芝秦龛记良玉79,演出地,中和大戏院
只带箭98,演出地,广和楼
指路344,演出地,天乐茶园
稚三园157,演出地,乐舞台
忠孝牌171,演出地,燕喜堂
忠孝牌172,演出地,燕喜堂
忠孝牌2,演出地,人和园
忠孝牌279,演出地,春仙茶园
忠孝全128,演出地,开明戏院
忠孝全169,演出地,燕喜茶园
忠孝全170,演出地,燕喜茶园
忠孝全177,演出地,景泰茶园
忠孝全224,演出地,庆升茶园
忠孝全55,演出地,吉祥大戏院
忠孝全65,演出地,庆乐茶园
忠孝图155,演出地,乐舞台
钟馗嫁妹203,演出地,广和楼
重耳走国234,演出地,庆乐戏院
朱砂痣140,演出地,文明茶园
朱砂痣141,演出地,文明茶园
朱砂痣143,演出地,文明茶园
朱砂痣166,演出地,歌舞台
朱砂痣17,演出地,吉祥茶园
朱砂痣170,演出地,燕喜茶园
朱砂痣174,演出地,燕喜堂
朱砂痣178,演出地,景泰茶园
朱砂痣186,演出地,景泰茶园
朱砂痣207,演出地,吉祥舞台
朱砂痣22,演出地,吉祥茶园
朱砂痣239,演出地,西安园
朱砂痣242,演出地,哈尔飞戏院
朱砂痣25,演出地,吉祥园
朱砂痣266,演出地,春仙茶园
朱砂痣268,演出地,春仙茶园
朱砂痣29,演出地,吉祥园
朱砂痣290,演出地,春仙茶园
朱砂痣291,演出地,春仙茶园
朱砂痣74,演出地,中和戏院
朱砂痣代卖子112,演出地,天乐茶园
朱砂痣賣子18,演出地,吉祥茶园
珠帘寨52,演出地,广和戏院
诸葛亮割麦庄神233,演出地,庆乐戏院
竹林记259,演出地,广和楼
竹林记火烧于洪137,演出地,文明茶园
状元谱129,演出地,开明戏院
状元谱3,演出地,三庆园
状元谱74,演出地,中和戏院
状元印255,演出地,广和楼
状元印321,演出地,广和戏院
状元印70,演出地,中和戏院
撞幽州341,演出地,天乐茶园
捉曹放操131,演出地,开明戏院
捉放102,演出地,丹桂茶园
捉放103,演出地,丹桂茶园
捉放242,演出地,哈尔飞戏院
捉放28,演出地,吉祥园
捉放280,演出地,春仙茶园
捉放282,演出地,春仙茶园
捉放285,演出地,春仙茶园
捉放3,演出地,三庆园
捉放曹113,演出地,天乐茶园
捉放曹114,演出地,天乐茶园
捉放曹129,演出地,开明戏院
捉放曹168,演出地,德泉戏园
捉放曹170,演出地,燕喜茶园
捉放曹178,演出地,景泰茶园
捉放曹183,演出地,景泰茶园
捉放曹185,演出地,景泰茶园
捉放曹189,演出地,景泰茶园
捉放曹250,演出地,哈尔飞戏院
捉放曹310,演出地,广和楼
捉放曹48,演出地,广和戏院
捉放曹82,演出地,华乐园
捉放代宿店105,演出地,丹桂茶园
子母袍175,演出地,燕喜堂
子胥过江335,演出地,天乐茶园
紫荆树142,演出地,文明茶园
紫荆树220,演出地,同益茶园
紫荆树98,演出地,广和楼
宗祯杀宫336,演出地,天乐茶园
走尸奇案210,演出地,吉祥舞台
走雪山103,演出地,丹桂茶园
走雪山105,演出地,丹桂茶园
走雪山154,演出地,乐舞台
走雪山26,演出地,吉祥园
醉酒9,演出地,三庆园
醉写109,演出地,天乐茶园
坐楼71,演出地,中和戏院
坐楼杀惜121,演出地,天乐茶园
坐楼杀惜163,演出地,歌舞台
坐寨盗马53,演出地,吉祥大戏院